file,,name,,tag1,tag2,tag3,tag4,,tag5,tag6,tag7,tag8,tag9
Afghanistan.svg,,Afghanistan,,asia,asiaDisputed,asiaTerritories,asiaAll,,triband,,,emblem,
Albania.svg,,Albania,,europe,europeDisputed,europeTerritories,europeAll,,,,,,
Algeria.svg,,Algeria,,africa,africaDisputed,africaTerritories,africaAll,,,,star,,
Andorra.svg,,Andorra,,europe,europeDisputed,europeTerritories,europeAll,,triband,,,emblem,
Angola.svg,,Angola,,africa,africaDisputed,africaTerritories,africaAll,,,,star,,
Antigua_and_Barbuda.svg,,Antigua and Barbuda,,na,,naTerritories,naAll,,,,,,
Argentina.svg,,Argentina,,sa,,saTerritories,saAll,,triband,,,,
Armenia.svg,,Armenia,,europe,europeDisputed,europeTerritories,europeAll,,triband,,,,
Australia_(converted).svg,,Australia,,oceania,,oceaniaTerritories,oceaniaAll,,unionJack,canton,star,,rwb
Austria.svg,,Austria,,europe,europeDisputed,europeTerritories,europeAll,,triband,,,,
Azerbaijan.svg,,Azerbaijan,,europe,europeDisputed,europeTerritories,europeAll,,triband,,star,,
Bahamas.svg,,Bahamas,,na,,naTerritories,naAll,,,,,,
Bahrain.svg,,Bahrain,,asia,asiaDisputed,asiaTerritories,asiaAll,,,,,,
Bangladesh.svg,,Bangladesh,,asia,asiaDisputed,asiaTerritories,asiaAll,,,,,,
Barbados.svg,,Barbados,,na,,naTerritories,naAll,,,,,,
Belarus.svg,,Belarus,,europe,europeDisputed,europeTerritories,europeAll,,,,,,
Belgium.svg,,Belgium,,europe,europeDisputed,europeTerritories,europeAll,,triband,,,,
Belize.svg,,Belize,,sa,,saTerritories,saAll,,,,,emblem,rwb
Benin.svg,,Benin,,africa,africaDisputed,africaTerritories,africaAll,,,,,,
Bhutan.svg,,Bhutan,,asia,asiaDisputed,asiaTerritories,asiaAll,,,,,,
Bolivia.svg,,Bolivia,,sa,,saTerritories,saAll,,triband,,,,
Bosnia_and_Herzegovina.svg,,Bosnia and Herzegovina,,europe,europeDisputed,europeTerritories,europeAll,,,,star,,
Botswana.svg,,Botswana,,africa,africaDisputed,africaTerritories,africaAll,,,,,,
Brazil.svg,,Brazil,,sa,,saTerritories,saAll,,,,star,,
Brunei.svg,,Brunei,,asia,asiaDisputed,asiaTerritories,asiaAll,,,,,emblem,
Bulgaria.svg,,Bulgaria,,europe,europeDisputed,europeTerritories,europeAll,,triband,,,,
Burkina_Faso.svg,,Burkina Faso,,africa,africaDisputed,africaTerritories,africaAll,,,,star,,
Burundi.svg,,Burundi,,africa,africaDisputed,africaTerritories,africaAll,,,,star,,
Cambodia.svg,,Cambodia,,asia,asiaDisputed,asiaTerritories,asiaAll,,triband,,,,rwb
Cameroon.svg,,Cameroon,,africa,africaDisputed,africaTerritories,africaAll,,triband,,star,,
Canada.svg,,Canada,,na,,naTerritories,naAll,,,,,,
Cape_Verde.svg,,Cape Verde,,africa,africaDisputed,africaTerritories,africaAll,,,,star,,
Central_African_Republic.svg,,Central African Republic,,africa,africaDisputed,africaTerritories,africaAll,,,,star,,
Chad.svg,,Chad,,africa,africaDisputed,africaTerritories,africaAll,,triband,,,,
Chile.svg,,Chile,,sa,,saTerritories,saAll,,,canton,star,,rwb
Colombia.svg,,Colombia,,sa,,saTerritories,saAll,,triband,,,,
Comoros.svg,,Comoros,,africa,africaDisputed,africaTerritories,africaAll,,,,star,,
Costa_Rica.svg,,Costa Rica,,na,,naTerritories,naAll,,,,,,rwb
Croatia.svg,,Croatia,,europe,europeDisputed,europeTerritories,europeAll,,triband,,star,emblem,rwb
Cuba.svg,,Cuba,,na,,naTerritories,naAll,,,,star,,rwb
Cyprus.svg,,Cyprus,,europe,europeDisputed,europeTerritories,europeAll,,,,,,
Czech_Republic.svg,,Czech Republic,,europe,europeDisputed,europeTerritories,europeAll,,,,,,rwb
Democratic_Republic_of_the_Congo.svg,,Democratic Republic of the Congo,,africa,africaDisputed,africaTerritories,africaAll,,,,star,,
Denmark.svg,,Denmark,,europe,europeDisputed,europeTerritories,europeAll,,,,,,
Djibouti.svg,,Djibouti,,africa,africaDisputed,africaTerritories,africaAll,,,,star,,
Dominica.svg,,Dominica,,na,,naTerritories,naAll,,,,star,,
Dominican_Republic.svg,,Dominican Republic,,na,,naTerritories,naAll,,,,,emblem,rwb
East_Timor.svg,,East Timor,,oceania,,oceaniaTerritories,oceaniaAll,,,,star,,
Ecuador.svg,,Ecuador,,sa,,saTerritories,saAll,,triband,,,,
Egypt.svg,,Egypt,,africa,africaDisputed,africaTerritories,africaAll,,triband,,,emblem,
El_Salvador.svg,,El Salvador,,sa,,saTerritories,saAll,,triband,,,emblem,
Equatorial_Guinea.svg,,Equatorial Guinea,,africa,africaDisputed,africaTerritories,africaAll,,,,star,emblem,
Eritrea.svg,,Eritrea,,africa,africaDisputed,africaTerritories,africaAll,,,,,emblem,
Estonia.svg,,Estonia,,europe,europeDisputed,europeTerritories,europeAll,,triband,,,,
Eswatini.svg,,Eswatini,,africa,africaDisputed,africaTerritories,africaAll,,,,,,
Ethiopia.svg,,Ethiopia,,africa,africaDisputed,africaTerritories,africaAll,,triband,,star,emblem,
Fiji.svg,,Fiji,,oceania,,oceaniaTerritories,oceaniaAll,,unionJack,canton,,emblem,rwb
Finland.svg,,Finland,,europe,europeDisputed,europeTerritories,europeAll,,,,,,
France.svg,,France,,europe,europeDisputed,europeTerritories,europeAll,,triband,,,,rwb
Gabon.svg,,Gabon,,africa,africaDisputed,africaTerritories,africaAll,,triband,,,,
Georgia.svg,,Georgia,,europe,europeDisputed,europeTerritories,europeAll,,,,,,
Germany.svg,,Germany,,europe,europeDisputed,europeTerritories,europeAll,,triband,,,,
Ghana.svg,,Ghana,,africa,africaDisputed,africaTerritories,africaAll,,triband,,star,,
Greece.svg,,Greece,,europe,europeDisputed,europeTerritories,europeAll,,,canton,,,
Grenada.svg,,Grenada,,na,,naTerritories,naAll,,,,star,,
Guatemala.svg,,Guatemala,,sa,,saTerritories,saAll,,triband,,,emblem,
Guinea.svg,,Guinea,,africa,africaDisputed,africaTerritories,africaAll,,,,,,
Guinea-Bissau.svg,,Guinea-Bissau,,africa,africaDisputed,africaTerritories,africaAll,,,,star,,
Guyana.svg,,Guyana,,sa,,saTerritories,saAll,,,,,,
Haiti.svg,,Haiti,,na,,naTerritories,naAll,,,,,emblem,rwb
Honduras.svg,,Honduras,,na,,naTerritories,naAll,,triband,,star,emblem,
Hungary.svg,,Hungary,,europe,europeDisputed,europeTerritories,europeAll,,triband,,,,
Iceland.svg,,Iceland,,europe,europeDisputed,europeTerritories,europeAll,,,,,,rwb
India.svg,,India,,asia,asiaDisputed,asiaTerritories,asiaAll,,triband,,,,
Indonesia.svg,,Indonesia,,asia,asiaDisputed,asiaTerritories,asiaAll,,,,,,
Iran.svg,,Iran,,asia,asiaDisputed,asiaTerritories,asiaAll,,triband,,,emblem,
Iraq.svg,,Iraq,,asia,asiaDisputed,asiaTerritories,asiaAll,,triband,,,,
Ireland.svg,,Ireland,,europe,europeDisputed,europeTerritories,europeAll,,triband,,,,
Israel.svg,,Israel,,asia,asiaDisputed,asiaTerritories,asiaAll,,,,star,,
Italy.svg,,Italy,,europe,europeDisputed,europeTerritories,europeAll,,triband,,,,
Ivory_Coast.svg,,Côte d'Ivoire,,africa,africaDisputed,africaTerritories,africaAll,,triband,,,,
Jamaica.svg,,Jamaica,,na,,naTerritories,naAll,,,,,,
Japan.svg,,Japan,,asia,asiaDisputed,asiaTerritories,asiaAll,,,,,,
Jordan.svg,,Jordan,,asia,asiaDisputed,asiaTerritories,asiaAll,,,,star,,
Kazakhstan.svg,,Kazakhstan,,asia,asiaDisputed,asiaTerritories,asiaAll,,,,,,
Kenya.svg,,Kenya,,africa,africaDisputed,africaTerritories,africaAll,,,,,,
Kiribati.svg,,Kiribati,,oceania,,oceaniaTerritories,oceaniaAll,,,,,,
Kosovo.svg,,Kosovo,,europe,europeDisputed,europeTerritories,europeAll,,,,star,,
Kuwait.svg,,Kuwait,,asia,asiaDisputed,asiaTerritories,asiaAll,,,,,,
Kyrgyzstan.svg,,Kyrgyzstan,,asia,asiaDisputed,asiaTerritories,asiaAll,,,,,,
Laos.svg,,Laos,,asia,asiaDisputed,asiaTerritories,asiaAll,,triband,,,,rwb
Latvia.svg,,Latvia,,europe,europeDisputed,europeTerritories,europeAll,,triband,,,,
Lebanon.svg,,Lebanon,,asia,asiaDisputed,asiaTerritories,asiaAll,,triband,,,emblem,
Lesotho.svg,,Lesotho,,africa,africaDisputed,africaTerritories,africaAll,,triband,,,,
Liberia.svg,,Liberia,,africa,africaDisputed,africaTerritories,africaAll,,,canton,star,,rwb
Libya.svg,,Libya,,africa,africaDisputed,africaTerritories,africaAll,,triband,,star,,
Liechtenstein.svg,,Liechtenstein,,europe,europeDisputed,europeTerritories,europeAll,,,,,,
Lithuania.svg,,Lithuania,,europe,europeDisputed,europeTerritories,europeAll,,triband,,,,
Luxembourg.svg,,Luxembourg,,europe,europeDisputed,europeTerritories,europeAll,,triband,,,,rwb
Madagascar.svg,,Madagascar,,africa,africaDisputed,africaTerritories,africaAll,,,,,,
Malawi.svg,,Malawi,,africa,africaDisputed,africaTerritories,africaAll,,triband,,,,
Malaysia.svg,,Malaysia,,asia,asiaDisputed,asiaTerritories,asiaAll,,,canton,star,,
Maldives.svg,,Maldives,,africa,africaDisputed,africaTerritories,africaAll,,,,,,
Mali.svg,,Mali,,africa,africaDisputed,africaTerritories,africaAll,,triband,,,,
Malta.svg,,Malta,,europe,europeDisputed,europeTerritories,europeAll,,,,,,
Marshall_Islands.svg,,Marshall Islands,,oceania,,oceaniaTerritories,oceaniaAll,,,,,,
Mauritania.svg,,Mauritania,,africa,africaDisputed,africaTerritories,africaAll,,,,star,,
Mauritius.svg,,Mauritius,,africa,africaDisputed,africaTerritories,africaAll,,,,,,
Mexico (1).svg,,Mexico,,na,,naTerritories,naAll,,triband,,,emblem,
Micronesia.svg,,Micronesia,,oceania,,oceaniaTerritories,oceaniaAll,,,,star,,
Moldova.svg,,Moldova,,europe,europeDisputed,europeTerritories,europeAll,,triband,,star,emblem,
Monaco.svg,,Monaco,,europe,europeDisputed,europeTerritories,europeAll,,,,,,
Mongolia.svg,,Mongolia,,asia,asiaDisputed,asiaTerritories,asiaAll,,triband,,,,
Montenegro.svg,,Montenegro,,europe,europeDisputed,europeTerritories,europeAll,,,,,emblem,
Morocco.svg,,Morocco,,africa,africaDisputed,africaTerritories,africaAll,,,,star,,
Mozambique.svg,,Mozambique,,africa,africaDisputed,africaTerritories,africaAll,,,,star,,
Myanmar.svg,,Myanmar,,asia,asiaDisputed,asiaTerritories,asiaAll,,triband,,star,,
Namibia.svg,,Namibia,,africa,africaDisputed,africaTerritories,africaAll,,,,,,
Nauru.svg,,Nauru,,oceania,,oceaniaTerritories,oceaniaAll,,,,star,,
Nepal.svg,,Nepal,,asia,asiaDisputed,asiaTerritories,asiaAll,,,,star,,rwb
Netherlands.svg,,Netherlands,,europe,europeDisputed,europeTerritories,europeAll,,triband,,,,rwb
New_Zealand.svg,,New Zealand,,oceania,,oceaniaTerritories,oceaniaAll,,unionJack,canton,star,,rwb
Nicaragua.svg,,Nicaragua,,na,,naTerritories,naAll,,triband,,,emblem,
Niger.svg,,Niger,,africa,africaDisputed,africaTerritories,africaAll,,triband,,,,
Nigeria.svg,,Nigeria,,africa,africaDisputed,africaTerritories,africaAll,,triband,,,,
North_Korea.svg,,North Korea,,asia,asiaDisputed,asiaTerritories,asiaAll,,,,star,,rwb
North_Macedonia.svg,,North Macedonia,,europe,europeDisputed,europeTerritories,europeAll,,,,,,
Norway.svg,,Norway,,europe,europeDisputed,europeTerritories,europeAll,,,,,,rwb
Oman.svg,,Oman,,asia,asiaDisputed,asiaTerritories,asiaAll,,,,,emblem,
Pakistan.svg,,Pakistan,,asia,asiaDisputed,asiaTerritories,asiaAll,,,,star,,
Palau.svg,,Palau,,oceania,,oceaniaTerritories,oceaniaAll,,,,,,
Palestine.svg,,Palestine,,asia,asiaDisputed,asiaTerritories,asiaAll,,,,,,
Panama.svg,,Panama,,na,,naTerritories,naAll,,,,star,,rwb
Papua_New_Guinea.svg,,Papua New Guinea,,oceania,,oceaniaTerritories,oceaniaAll,,,,,,
Paraguay.svg,,Paraguay,,sa,,saTerritories,saAll,,triband,,,emblem,rwb
People's_Republic_of_China.svg,,People's Republic of China,,asia,asiaDisputed,asiaTerritories,asiaAll,,,,star,,
Peru.svg,,Peru,,sa,,saTerritories,saAll,,triband,,,,
Philippines.svg,,Philippines,,asia,asiaDisputed,asiaTerritories,asiaAll,,,,,,
Poland.svg,,Poland,,europe,europeDisputed,europeTerritories,europeAll,,,,,,
Portugal.svg,,Portugal,,europe,europeDisputed,europeTerritories,europeAll,,,,,emblem,
Qatar.svg,,Qatar,,asia,asiaDisputed,asiaTerritories,asiaAll,,,,,,
Republic_of_China_(Taiwan).svg,,Republic of China (Taiwan),,asia,asiaDisputed,asiaTerritories,asiaAll,,,canton,,emblem,rwb
Republic_of_the_Congo.svg,,Republic of the Congo,,africa,africaDisputed,africaTerritories,africaAll,,,,,,
Romania.svg,,Romania,,europe,europeDisputed,europeTerritories,europeAll,,triband,,,,
Russia.svg,,Russia,,europe,europeDisputed,europeTerritories,europeAll,,triband,,,,rwb
Rwanda.svg,,Rwanda,,africa,africaDisputed,africaTerritories,africaAll,,,,,,
Saint_Kitts_and_Nevis.svg,,Saint Kitts and Nevis,,na,,naTerritories,naAll,,,,star,,
Saint_Lucia.svg,,Saint Lucia,,na,,naTerritories,naAll,,,,,,
Saint_Vincent_and_the_Grenadines.svg,,Saint Vincent and the Grenadines,,na,,naTerritories,naAll,,,,,,
Samoa.svg,,Samoa,,oceania,,oceaniaTerritories,oceaniaAll,,,canton,star,,rwb
San_Marino.svg,,San Marino,,europe,europeDisputed,europeTerritories,europeAll,,,,,emblem,
Sao_Tome_and_Principe.svg,,São Tomé and Príncipe,,africa,africaDisputed,africaTerritories,africaAll,,,,star,,
Saudi_Arabia.svg,,Saudi Arabia,,asia,asiaDisputed,asiaTerritories,asiaAll,,,,,,
Senegal.svg,,Senegal,,africa,africaDisputed,africaTerritories,africaAll,,triband,,star,,
Serbia.svg,,Serbia,,europe,europeDisputed,europeTerritories,europeAll,,triband,,,emblem,rwb
Seychelles.svg,,Seychelles,,africa,africaDisputed,africaTerritories,africaAll,,,,,,
Sierra_Leone.svg,,Sierra Leone,,africa,africaDisputed,africaTerritories,africaAll,,triband,,,,
Singapore.svg,,Singapore,,asia,asiaDisputed,asiaTerritories,asiaAll,,,,star,,
Slovakia.svg,,Slovakia,,europe,europeDisputed,europeTerritories,europeAll,,triband,,,emblem,rwb
Slovenia.svg,,Slovenia,,europe,europeDisputed,europeTerritories,europeAll,,triband,,star,emblem,rwb
Solomon_Islands.svg,,Solomon Islands,,oceania,,oceaniaTerritories,oceaniaAll,,,,star,,
Somalia.svg,,Somalia,,africa,africaDisputed,africaTerritories,africaAll,,,,star,,
South_Africa.svg,,South Africa,,africa,africaDisputed,africaTerritories,africaAll,,,,,,
South_Korea.svg,,South Korea,,asia,asiaDisputed,asiaTerritories,asiaAll,,,,,,
South_Sudan.svg,,South Sudan,,africa,africaDisputed,africaTerritories,africaAll,,,,star,,
Spain.svg,,Spain,,europe,europeDisputed,europeTerritories,europeAll,,triband,,,emblem,
Sri_Lanka.svg,,Sri Lanka,,asia,asiaDisputed,asiaTerritories,asiaAll,,,,,,
Sudan.svg,,Sudan,,africa,africaDisputed,africaTerritories,africaAll,,,,,,
Suriname.svg,,Suriname,,sa,,saTerritories,saAll,,,,star,,
Sweden.svg,,Sweden,,europe,europeDisputed,europeTerritories,europeAll,,,,,,
Switzerland.svg,,Switzerland,,europe,europeDisputed,europeTerritories,europeAll,,,,,emblem,
Syria.svg,,Syria,,asia,asiaDisputed,asiaTerritories,asiaAll,,triband,,star,,
Tajikistan.svg,,Tajikistan,,asia,asiaDisputed,asiaTerritories,asiaAll,,triband,,star,,
Tanzania.svg,,Tanzania,,africa,africaDisputed,africaTerritories,africaAll,,,,,,
Thailand.svg,,Thailand,,asia,asiaDisputed,asiaTerritories,asiaAll,,,,,,rwb
The_Gambia.svg,,The Gambia,,africa,africaDisputed,africaTerritories,africaAll,,,,,,
Togo.svg,,Togo,,africa,africaDisputed,africaTerritories,africaAll,,,canton,star,,
Tonga.svg,,Tonga,,oceania,,oceaniaTerritories,oceaniaAll,,,canton,,,
Trinidad_and_Tobago.svg,,Trinidad and Tobago,,na,,naTerritories,naAll,,,,,,
Tunisia.svg,,Tunisia,,africa,africaDisputed,africaTerritories,africaAll,,,,star,,
Turkey.svg,,Turkey,,asia,europeDisputed,europeTerritories,europeAll,,,,star,emblem,
Turkmenistan.svg,,Turkmenistan,,asia,asiaDisputed,asiaTerritories,asiaAll,,,,star,,
Tuvalu.svg,,Tuvalu,,oceania,,oceaniaTerritories,oceaniaAll,,unionJack,tuvalu,star,,
Uganda.svg,,Uganda,,africa,africaDisputed,africaTerritories,africaAll,,,,,,
Ukraine (1).svg,,Ukraine,,europe,europeDisputed,europeTerritories,europeAll,,,,,,
United_Arab_Emirates.svg,,United Arab Emirates,,asia,asiaDisputed,asiaTerritories,asiaAll,,,,,,
United_Kingdom.svg,,United Kingdom,,europe,europeDisputed,europeTerritories,europeAll,,,,,,rwb
United_States_of_America.svg,,United States of America,,na,,naTerritories,naAll,,,canton,star,,rwb
Uruguay.svg,,Uruguay,,sa,,saTerritories,saAll,,,canton,,,
Uzbekistan.svg,,Uzbekistan,,asia,asiaDisputed,asiaTerritories,asiaAll,,,,star,,
Vanuatu_(official).svg,,Vanuatu,,oceania,,oceaniaTerritories,oceaniaAll,,,,,,
Vatican_City.svg,,Vatican City,,europe,europeDisputed,europeTerritories,europeAll,,,,,,
Venezuela.svg,,Venezuela,,sa,,saTerritories,saAll,,triband,,star,,
Vietnam.svg,,Vietnam,,asia,asiaDisputed,asiaTerritories,asiaAll,,,,star,,
Yemen.svg,,Yemen,,asia,asiaDisputed,asiaTerritories,asiaAll,,triband,,,,
Zambia.svg,,Zambia,,africa,africaDisputed,africaTerritories,africaAll,,,,,,
Zimbabwe.svg,,Zimbabwe,,africa,africaDisputed,africaTerritories,africaAll,,,,star,,
Abkhazia.svg,,Abkhazia,,,europeDisputed,,europeAll,,,,,,
Artsakh.svg,,Artsakh,,,europeDisputed,,europeAll,,,,,,
North_Cyprus.svg,,Northern Cyprus,,,europeDisputed,,europeAll,,,,,,
Western_Sahara.svg,,Western Sahara,,,africaDisputed,,africaAll,,,,,,
South_Ossetia.svg,,South Ossetia,,,europeDisputed,,europeAll,,,,,,
Transnistria.svg,,Transnistria,,,europeDisputed,,europeAll,,,,,,
Sark.svg,,Sark,,,,europeTerritories,europeAll,territories,,,,,
Jersey.svg,,Jersey,,,,europeTerritories,europeAll,territories,,,,,
Isle_of_Man.svg,,Isle of Man,,,,europeTerritories,europeAll,territories,,,,,
Herm.svg,,Herm,,,,europeTerritories,europeAll,territories,,,,,
Guernsey.svg,,Guernsey,,,,europeTerritories,europeAll,territories,,,,,
Greenland.svg,,Greenland,,,,europeTerritories,europeAll,territories,,,,,
Gibraltar.svg,,Gibraltar,,,,europeTerritories,europeAll,territories,,,,,
Faroe_Islands.svg,,Faroe Islands,,,,europeTerritories,europeAll,territories,,,,,
Aland.svg,,Åland,,,,europeTerritories,europeAll,territories,,,,,
Bahrain_Capital_Governorate_Flag.svg,,Manama (Bahrain),,capitalCities,,,,,,,,,
Bandeira_Dili_1952-1975.svg,,Dili (East Timor),,capitalCities,,,,,,,,,
Bandeira_do_Distrito_Federal_(Brasil).svg,,Brasilia (Brazil),,capitalCities,,,,,,,,,
Bandeira_municipal_de_Lisboa.png,,Lisbon (Portugal),,capitalCities,,,,,,,,,
Bandera_de_Ciudad_de_Panama.svg,,Panama City (Panama),,capitalCities,,,,,,,,,
Bandera_de_la_Ciudad_de_Buenos_Aires.svg,,Buenos Aires (Argentina),,capitalCities,,,,,,,,,
Bandera_de_la_Ciudad_Malabo.png,,Malabo (Equatorial Guinea),,capitalCities,,,,,,,,,
Bandera_de_San_Jose_(Costa_Rica).svg,,San Jose (Costa Rica),,capitalCities,,,,,,,,,
BG_Sofia_flag.svg,,Sofia (Bulgaria),,capitalCities,,,,,,,,,
Flag_of_Abidjan.png,,Abidjan (Ivory Coast),,capitalCities,,,,,,,,,
Flag_of_Abu_Dhabi.svg,,Abu Dhabi (UAE),,capitalCities,,,,,,,,,
Flag_of_Amsterdam.svg,,Amsterdam (Netherlands),,capitalCities,,,,,,,,,
"Flag_of_Antananarivo,_Madagascar.svg",,Antananarivo (Madagascar),,capitalCities,,,,,,,,,
"Flag_of_Astana,_Kazakhstan.svg",,Astana (Kazakhstan),,capitalCities,,,,,,,,,
Flag_of_Asuncion.svg,,Ascuncion (Paraguay),,capitalCities,,,,,,,,,
Flag_of_Bangkok.svg,,Bangkok (Thailand),,capitalCities,,,,,,,,,
Flag_of_Beirut.svg,,Beirut (Lebanon),,capitalCities,,,,,,,,,
Flag_of_Berlin.svg,,Berlin (Germany),,capitalCities,,,,,,,,,
Flag_of_Bratislava.svg,,Bratislava (Slovakia),,capitalCities,,,,,,,,,
"Flag_of_Bucharest,_Romania.svg",,Bucharest (Romania),,capitalCities,,,,,,,,,
Flag_of_Budapest_(2011-).svg,,Budapest (Hungary),,capitalCities,,,,,,,,,
Flag_of_Canton_of_Bern.svg,,Bern (Switzerland),,capitalCities,,,,,,,,,
"Flag_of_Cape_Town,_South_Africa.svg",,Cape Town (South Africa),,capitalCities,,,,,,,,,
Flag_of_Chisinau.svg,,Chisinau (Moldova),,capitalCities,,,,,,,,,
"Flag_of_Dakar,_Senegal.svg",,Dakar (Senegal),,capitalCities,,,,,,,,,
Flag_of_Harare.svg,,Harare (Zimbabwe),,capitalCities,,,,,,,,,
Flag_of_Helsinki.svg,,Helsinki (Finland),,capitalCities,,,,,,,,,
Flag_of_Jakarta_(vectorised).svg,,Jakarta (Indonesia),,capitalCities,,,,,,,,,
Flag_of_Jerusalem.svg,,Jerusalem (Israel),,capitalCities,,,,,,,,,
"Flag_of_Kuala_Lumpur,_Malaysia.svg",,Kuala Lumpur (Malaysia),,capitalCities,,,,,,,,,
Flag_of_Kuwait_City.gif,,Kuwait City (Kuwait),,capitalCities,,,,,,,,,
Flag_of_Kyiv_Kurovskyi.svg,,Kyiv (Ukraine),,capitalCities,,,,,,,,,
Flag_of_Ljubljana.svg,,Ljubljana (Slovenia),,capitalCities,,,,,,,,,
Flag_of_Luxembourg_(city).svg,,Luxembourg (Luxemburg),,capitalCities,,,,,,,,,
Flag_of_Manila.svg,,Manila (Philippines),,capitalCities,,,,,,,,,
"Flag_of_Mexico_City,_Mexico.svg",,Mexico City (Mexico),,capitalCities,,,,,,,,,
"Flag_of_Minsk,_Belarus.svg",,Minsk (Belarus),,capitalCities,,,,,,,,,
"Flag_of_Moscow,_Russia.svg",,Moscow (Russia),,capitalCities,,,,,,,,,
Flag_of_Muscat.svg,,Muscat (Oman),,capitalCities,,,,,,,,,
Flag_of_Nairobi.svg,,Nairobi (Kenya),,capitalCities,,,,,,,,,
Flag_of_Nicosia.svg,,Nicosia (Cyprus),,capitalCities,,,,,,,,,
Flag_of_Oslo.svg,,Oslo (Norway),,capitalCities,,,,,,,,,
"Flag_of_Ottawa,_Ontario.svg",,Ottawa (Canada),,capitalCities,,,,,,,,,
Flag_of_Paris_with_coat_of_arms.svg,,Paris (France),,capitalCities,,,,,,,,,
"Flag_of_Podgorica,_Montenegro.svg",,Podgorica (Montenegro),,capitalCities,,,,,,,,,
Flag_of_Port_of_Spain.gif,,Port of Spain (Trinidad and Tobago),,capitalCities,,,,,,,,,
Flag_of_Portuguese_Luanda.svg,,Luanda (Angola),,capitalCities,,,,,,,,,
Flag_of_Prague.svg,,Prague (Czechia),,capitalCities,,,,,,,,,
Flag_of_Pristina.svg,,Pristina (Kosovo),,capitalCities,,,,,,,,,
"Flag_of_Reykjavik,_Iceland.svg",,Reykjavik (Iceland),,capitalCities,,,,,,,,,
Flag_of_Riga.svg,,Riga (Latvia),,capitalCities,,,,,,,,,
Flag_of_Rome.svg,,Rome (Italy),,capitalCities,,,,,,,,,
"Flag_of_Salzburg,_Vienna,_Vorarlberg.svg",,Vienna (Austria),,capitalCities,,,,,,,,,
"Flag_of_Santiago,_Chile.svg",,Santiago de Chile (Chile),,capitalCities,,,,,,,,,
Flag_of_Sarajevo.svg,,Sarajevo (Bosnia and Herzegovina),,capitalCities,,,,,,,,,
Flag_of_Seoul.svg,,Seoul (South Korea),,capitalCities,,,,,,,,,
Flag_of_Singapore.svg,,Singapore (Singapore),,capitalCities,,,,,,,,,
Flag_of_Taipei_City.svg,,Taipei (Taiwan),,capitalCities,,,,,,,,,
Flag_of_Tallinn.svg,,Tallinn (Estonia),,capitalCities,,,,,,,,,
Flag_of_Tashkent.svg,,Tashkent (Uzbekistan),,capitalCities,,,,,,,,,
Flag_of_Tbilisi.svg,,Tbilisi (Georgia),,capitalCities,,,,,,,,,
Flag_of_Tehran.svg,,Tehran (Iran),,capitalCities,,,,,,,,,
Flag_of_the_Australian_Capital_Territory.svg,,Canberra (Australia),,capitalCities,,,,,,,,,
Flag_of_the_District_of_Columbia.svg,,Bogota (Colombia),,capitalCities,,,,,,,,,
Flag_of_the_Municipality_of_Monaco.svg,,Monaco (Monaco),,capitalCities,,,,,,,,,
Flag_of_Tirana.svg,,Tirana (Albania),,capitalCities,,,,,,,,,
Flag_of_Tokyo_Metropolis.svg,,Tokyo (Japan),,capitalCities,,,,,,,,,
Flag_of_Vaduz_Liechtenstein-1.svg,,Vaduz (Liechtenstein),,capitalCities,,,,,,,,,
Flag_of_Vilnius.svg,,Vilnius (Lithuania),,capitalCities,,,,,,,,,
Flag_of_Warsaw.svg,,Warsaw (Poland),,capitalCities,,,,,,,,,
"Flag_of_Wellington_City,_New_Zealand.svg",,Wellington (New Zealand),,capitalCities,,,,,,,,,
Flag_of_Windhoek.gif,,Windhoek (Namibia),,capitalCities,,,,,,,,,
Flag_of_Yerevan.svg,,Yerevan (Armenia),,capitalCities,,,,,,,,,
Flag_of_Zagreb.svg,,Zagreb (Croatia),,capitalCities,,,,,,,,,
Flag_ulaanbaatar.svg,,Ulaanbaatar (Mongolia),,capitalCities,,,,,,,,,
IRL_Dublin_flag.svg,,Dublin (Ireland),,capitalCities,,,,,,,,,
Juba_flag.png,,Juba (South Sudan),,capitalCities,,,,,,,,,
Flag_of_Cascadia.svg,,Cascadia,,unofficial,,,,,,,,,
Flag_of_Chinese_Taipei_for_Olympic_games.svg,,Chinese Taipei (Olympic Games),,unofficial,,,,,,,,,
Flag_of_Hong_Kong_(black_and_white;_variant_3).svg,,Hong Kong protest flag,,unofficial,,,,,,,,,
Flag_of_Kurdistan (1).svg,,Kurdistan,,unofficial,,,,,,,,,
Flag_of_Northern_Ireland_(1953-1972).svg,,Northern Ireland,,unofficial,,,,,,,,,
Flag_of_Russia_(democratic).svg,,Democratic Russia,,unofficial,,,,,,,,,
Flag_of_Saint-Pierre_and_Miquelon.svg,,Saint- Pierre and Miquelon,,unofficial,,naTerritories,,,,,,,
Flag_of_Tibet.svg,,Tibet,,unofficial,,,,,,,,,
Flag_of_World_Taiwanese_Congress.svg,,World Taiwanese Congress (Taiwan independence flag),,unofficial,,,,,,,,,
International_Flag_of_Planet_Earth.svg,,Planed Earth,,unofficial,,,,,,,,,
Proposed_flag_of_Antarctica_(Graham_Bartram).svg,,Antarctica,,unofficial,,,,,,,,,
shir-o-khorshid-flag-1024x586-1.png,,Persia (Iran protest flag),,unofficial,,,,,,,,,
Syrian_revolution_flag.svg,,Syrian revolution flag,,unofficial,,,,,,,,,
Macao.png,,Macao,,,,asiaTerritories,asiaAll,territories,,,,,
Hong_Kong.png,,Hong Kong protest flag,,,,asiaTerritories,asiaAll,territories,,,,,
Flag_of_Anguilla.svg,,Anguilla,,,,naTerritories,naAll,territories,unionJack,,,,
Flag_of_Aruba.svg,,Aruba,,,,naTerritories,naAll,territories,,,,,
Flag_of_Bermuda.svg,,Bermuda,,,,naTerritories,naAll,territories,unionJack,,,,
Flag_of_Bonaire.svg,,Bonaire,,,,naTerritories,naAll,territories,,,,,
Flag_of_Christmas_Island.svg,,Christmas Island,,,,oceaniaTerritories,oceaniaAll,territories,,,,,
Flag_of_Curacao.svg,,Curacao,,,,naTerritories,naAll,territories,,,,,
Flag_of_FLNKS.svg,,New Caledonia (unofficial),,unofficial,,oceaniaTerritories,oceaniaAll,territories,,,,,
Flag_of_French_Guiana.svg,,French Guiana (unofficial),,unofficial,,saTerritories,saAll,territories,,,,,
Flag_of_French_Polynesia.svg,,French Polynesia,,,,oceaniaTerritories,oceaniaAll,territories,,,,,
Flag_of_Guadeloupe_(local)_variant.svg,,Guadeloupe (unofficial),,unofficial,,naTerritories,naAll,territories,,,,,
Flag_of_Mayotte_(Local).svg,,Mayotte (unofficial),,unofficial,,naTerritories,naAll,territories,,,,,
Flag_of_Niue.svg,,Niue,,,,oceaniaTerritories,oceaniaAll,territories,unionJack,,,,
Flag_of_Norfolk_Island.svg,,Norfolk Island,,,,oceaniaTerritories,oceaniaAll,territories,,,,,
Flag_of_Saint_Barth‚lemy_(Local).svg,,Saint Barthélemy (unofficial),,unofficial,,naTerritories,naAll,territories,,,,,
Flag_of_Sint_Maarten.svg,,Sint Maarten,,,,naTerritories,naAll,territories,,,,,
Flag_of_the_Azores.svg,,Azores,,,,europeTerritories,europeAll,territories,,,,,
Flag_of_the_British_Virgin_Islands.svg,,British Virgin Islands,,,,naTerritories,naAll,territories,unionJack,,,,
Flag_of_the_Canary_Islands.svg,,Canary Islands,,,,africaTerritories,africaAll,territories,,,,,
Flag_of_the_Cayman_Islands.svg,,Cayman Islands,,,,naTerritories,naAll,territories,unionJack,,,,
Flag_of_the_Cocos_(Keeling)_Islands.svg,,Cocos Islands,,,,oceaniaTerritories,oceaniaAll,territories,,,,,
Flag_of_the_Commissioner_of_the_British_Indian_Ocean_Territory.svg,,British Indian Ocean territory,,,,asiaTerritories,asiaAll,territories,unionJack,,,,
Flag_of_the_Cook_Islands.svg,,Cook Islands,,,,oceaniaTerritories,oceaniaAll,territories,unionJack,,,,
Flag_of_the_Falkland_Islands.svg,,Falkland Islands,,,,saTerritories,saAll,territories,unionJack,,,,
Flag_of_Tokelau.svg,,Tokelau,,,,oceaniaTerritories,oceaniaAll,territories,unionJack,,,,
Flag_of_Wallis_and_Futuna.svg,,Wallis and Futuna (unofficial),,unofficial,,oceaniaTerritories,oceaniaAll,territories,,,,,
Flag-of-Martinique.svg,,Martinique,,,,naTerritories,naAll,territories,,,,,
Proposed_flag_of_R‚union_(VAR).svg,,Réunion,,,,asiaTerritories,asiaAll,territories,,,,,
Wake_Island.svg,,Wake Island,,,,oceaniaTerritories,oceaniaAll,territories,,,,,
United_States_Virgin_Islands.svg,,United States Virgin Islands,,,,naTerritories,naAll,territories,,,,,
Puerto_Rico.svg,,Puerto Rico,,,,naTerritories,naAll,territories,,,,,
Northern_Mariana_Islands.svg,,Northern Mariana Islands,,,,oceaniaTerritories,oceaniaAll,territories,,,,,
Midway_Islands_(local).svg,,Midway Islands,,,,oceaniaTerritories,oceaniaAll,territories,,,,,
Guam.svg,,Guam,,,,oceaniaTerritories,oceaniaAll,territories,,,,,
American_Samoa.svg,,American Samoa,,,,oceaniaTerritories,oceaniaAll,territories,,,,,
